full_name,age,position,Current Club,minutes_played,nationality,appearances,goals,assists,clean_sheets,conceded,yellow_cards,red_cards
Aaron Cresswell,32,Defender,West Ham United,1589,England,20,0,1,3,22,1,0
Aaron Lennon,35,Midfielder,Burnley,1217,England,16,1,1,4,20,1,0
Aaron Mooy,32,Midfielder,Huddersfield Town,2327,Australia,29,3,1,4,46,4,0
Aaron Ramsey,31,Midfielder,Arsenal,1327,Wales,28,4,6,7,12,0,0
Aaron Rowe,22,Forward,Huddersfield Town,69,England,2,0,0,0,1,0,0
Aaron Wan-Bissaka,24,Midfielder,Crystal Palace,3135,England,35,0,3,12,41,5,1
Abdelhamid Sabiri,25,Midfielder,Huddersfield Town,49,Morocco,2,0,0,0,3,0,0
Abdoulaye Doucouré,29,Midfielder,Watford,3062,France,35,5,6,5,54,7,0
Aboubakar Kamara,27,Forward,Fulham,687,France,13,3,0,2,16,2,0
Adalberto Peñaranda Maestre,25,Forward,Watford,0,Venezuela,0,0,0,0,0,0,0
Adam David Lallana,34,Midfielder,Liverpool,465,England,13,0,0,6,2,1,0
Adam Masina,28,Defender,Watford,1003,Italy,14,0,1,2,19,5,0
Adam Smith,31,Defender,AFC Bournemouth,2073,England,25,1,1,9,30,6,1
Adama Diakhaby,26,Forward,Huddersfield Town,551,France,12,0,0,1,16,1,0
Adama Traoré Diarra,26,Midfielder,Wolverhampton Wanderers,890,Spain,29,1,1,6,11,1,0
Ademola Lookman,25,Forward,Everton,601,England,21,0,2,8,7,0,0
Adrian Mariappa,36,Defender,Watford,1921,Jamaica,26,0,0,6,29,3,0
Adrián San Miguel del Castillo,35,Goalkeeper,West Ham United,0,Spain,0,0,0,0,0,0,0
Adrien Sebastian Perruchet Silva,33,Midfielder,Leicester City,88,Portugal,2,0,0,1,1,0,0
Ainsley Maitland-Niles,25,Midfielder,Arsenal,985,England,16,1,1,4,16,3,1
Alberto Moreno,30,Defender,Liverpool,155,Spain,2,0,0,0,2,0,0
Aleksandar Mitrović,28,Forward,Fulham,3282,Serbia,37,11,3,5,74,7,0
Alex Iwobi,26,Forward,Arsenal,1972,Nigeria,35,3,6,8,31,0,0
Alex McCarthy,32,Goalkeeper,Southampton,2250,England,25,0,0,4,37,1,0
Alex Oxlade-Chamberlain,29,Midfielder,Liverpool,19,England,2,0,0,2,0,0,0
Alex Pritchard,29,Midfielder,Huddersfield Town,2092,England,30,2,0,4,39,2,0
Alex Smithies,32,Goalkeeper,Cardiff City,0,England,0,0,0,0,0,0,0
Alexander Sørloth,26,Forward,Crystal Palace,173,Norway,12,0,0,4,1,0,0
Alexandre Lacazette,31,Forward,Arsenal,2503,France,35,13,8,7,28,2,0
Alexandre Nascimento Costa Silva,25,Forward,West Ham United,17,Portugal,1,0,0,0,0,0,0
Alexis Sanchez,33,Forward,Manchester United,877,Chile,20,1,3,6,8,3,0
Alfie Jones,25,Defender,Southampton,0,England,0,0,0,0,0,0,0
Alfie Mawson,28,Defender,Fulham,1131,England,15,0,0,3,25,2,0
Alfie Whiteman,24,Goalkeeper,Tottenham Hotspur,0,England,0,0,0,0,0,0,0
Ali Koiki,22,Defender,Burnley,0,England,0,0,0,0,0,0,0
Alireza Jahanbakhsh,29,Forward,Brighton & Hove Albion,1022,Iran,19,0,0,4,16,2,0
Alisson Becker,30,Goalkeeper,Liverpool,3420,Brazil,38,0,0,21,19,1,0
Alvaro Morata,30,Forward,Chelsea,943,Spain,16,5,0,9,11,3,0
Ander Herrera,33,Midfielder,Manchester United,1404,Spain,22,2,3,6,17,4,0
André Filipe Tavares Gomes,29,Midfielder,Everton,1986,Portugal,27,1,1,10,27,7,0
Andre Gray,31,Forward,Watford,1358,England,29,7,2,5,23,2,0
André Schürrle,31,Midfielder,Fulham,1650,Germany,24,6,0,1,42,2,0
André-Frank Zambo Anguissa,26,Midfielder,Fulham,1518,Cameroon,22,0,0,3,30,3,1
Andreas Christensen,26,Defender,Chelsea,615,Denmark,8,0,0,3,7,1,0
Andreas Pereira,26,Midfielder,Manchester United,595,Brazil,15,1,1,1,10,5,0
Andrew Robertson,28,Defender,Liverpool,3219,Scotland,36,0,11,21,17,4,0
Andrew Surman,36,Midfielder,AFC Bournemouth,1438,England,18,0,0,5,35,2,0
Andriy Yarmolenko,33,Forward,West Ham United,459,Ukraine,9,2,0,1,4,2,0
Andros Townsend,31,Midfielder,Crystal Palace,3018,England,38,6,4,12,44,1,0
Andy Carroll,33,Forward,West Ham United,454,England,12,0,0,2,6,2,0
Angel Gomes,22,Midfielder,Manchester United,25,England,2,0,0,0,1,0,0
Angelo Ogbonna,34,Defender,West Ham United,1870,Italy,24,1,1,3,32,2,0
Angus Gunn,26,Goalkeeper,Southampton,1080,England,12,0,0,3,17,0,0
Anthony Driscoll-Glennon,22,Defender,Burnley,0,England,0,0,0,0,0,0,0
Anthony Knockaert,30,Midfielder,Brighton & Hove Albion,1832,France,30,2,6,3,36,5,1
Anthony Martial,26,Forward,Manchester United,1623,France,27,10,2,5,25,2,0
Antonio Barreca,27,Defender,Newcastle United,4,Italy,1,0,0,0,0,0,0
Antonio Rüdiger,29,Defender,Chelsea,2874,Germany,33,1,0,12,34,7,0
Antonio Valencia,37,Defender,Manchester United,466,Ecuador,6,0,0,2,5,2,0
Arijanet Muric,23,Goalkeeper,Manchester City,0,Montenegro,0,0,0,0,0,0,0
Aron Einar Gunnarsson,33,Midfielder,Cardiff City,2274,Iceland,28,1,1,8,37,5,0
Arthur Masuaku,28,Defender,West Ham United,1756,France,23,0,1,6,26,2,0
Artur Boruc,42,Goalkeeper,AFC Bournemouth,1080,Poland,12,0,0,4,17,2,0
Ashley Barnes,32,Forward,Burnley,2400,England,37,12,2,8,34,8,0
Ashley Westwood,32,Midfielder,Burnley,2822,England,34,2,7,7,44,5,0
Ashley Young,37,Midfielder,Manchester United,2568,England,30,2,2,4,41,10,1
Asmir Begović,35,Goalkeeper,AFC Bournemouth,2160,Bosnia and Herzegovina,24,0,0,5,44,0,0
Aymeric Laporte,28,Defender,Manchester City,3057,France,35,3,3,18,21,3,0
Ayoze Perez,29,Forward,Newcastle United,2929,Spain,37,12,2,11,34,2,0
Bakary Sako,34,Midfielder,Crystal Palace,25,Mali,4,0,0,1,0,0,0
Ben Chilwell,25,Defender,Leicester City,3240,England,36,0,4,10,39,4,0
Ben Davies,29,Defender,Tottenham Hotspur,1839,Wales,27,0,0,10,24,2,0
Ben Foster,39,Goalkeeper,Watford,3420,England,38,0,0,7,57,1,0
Ben Gibson,29,Defender,Burnley,63,England,1,1,0,0,3,1,0
Ben Hamer,34,Goalkeeper,Huddersfield Town,553,England,7,0,0,1,20,0,0
Ben Mee,33,Defender,Burnley,3420,England,38,0,2,8,57,9,0
Ben White,25,Defender,Brighton & Hove Albion,0,England,0,0,0,0,0,0,0
Ben Wilmot,23,Defender,Watford,26,England,2,0,0,1,2,0,0
Benjamin Johnson,22,Forward,West Ham United,63,England,1,0,0,0,1,0,0
Benjamin Mendy,28,Defender,Manchester City,900,France,10,0,5,4,6,1,0
Beram Kayal,34,Midfielder,Brighton & Hove Albion,934,Israel,18,1,1,5,15,4,0
Bernard Anício Caldeira Duarte,30,Midfielder,Everton,2128,Brazil,34,1,3,14,19,5,0
Bernardo,27,Defender,Brighton & Hove Albion,1750,Brazil,22,0,1,4,28,4,0
Bernardo Silva,28,Midfielder,Manchester City,2853,Portugal,36,7,7,18,22,3,0
Bernd Leno,30,Goalkeeper,Arsenal,2835,Germany,32,0,0,7,39,0,0
Bobby Reid,29,Midfielder,Cardiff City,1422,England,27,5,2,6,27,0,0
Brian Murphy,39,Goalkeeper,Cardiff City,0,Republic of Ireland,0,0,0,0,0,0,0
Bright Enobakhare,24,Forward,Wolverhampton Wanderers,0,England,0,0,0,0,0,0,0
Bruno Écuélé Manga,34,Defender,Cardiff City,3375,Gabon,38,0,1,10,59,0,0
Bruno Saltor Grau,42,Defender,Brighton & Hove Albion,1136,Spain,14,0,1,4,17,2,0
Caglar Söyüncü,26,Defender,Leicester City,371,Turkey,6,0,0,2,3,1,0
Callum Hudson-Odoi,21,Midfielder,Chelsea,391,England,10,0,1,3,5,0,0
Callum Paterson,28,Defender,Cardiff City,1996,Scotland,27,4,1,7,37,4,0
Callum Roberts,25,Forward,Newcastle United,0,England,0,0,0,0,0,0,0
Callum Slattery,23,Midfielder,Southampton,110,England,3,0,0,0,0,0,0
Callum Wilson,30,Forward,AFC Bournemouth,2535,England,30,14,9,9,44,3,0
Calum Chambers,27,Defender,Fulham,2587,England,31,2,0,5,49,9,0
Cameron John,23,Defender,Wolverhampton Wanderers,0,England,0,0,0,0,0,0,0
Carl Jenkinson,30,Defender,Arsenal,166,England,3,0,0,0,2,0,0
Carlos Sánchez,36,Midfielder,West Ham United,240,Colombia,7,0,0,2,2,0,0
Cedric Soares,31,Defender,Southampton,1494,Portugal,18,1,2,5,26,4,0
Cenk Tosun,31,Forward,Everton,1050,Turkey,25,3,3,7,16,3,0
Cesar Azpilicueta,33,Defender,Chelsea,3403,Spain,38,1,5,16,38,4,0
Cesc Fabregas,35,Midfielder,Chelsea,175,Spain,6,0,0,3,2,1,0
Charlie Austin,33,Forward,Southampton,980,England,25,2,2,6,14,1,0
Charlie Daniels,36,Defender,AFC Bournemouth,1583,England,21,1,0,6,32,4,0
Charlie Taylor,29,Defender,Burnley,3240,England,38,0,1,8,53,2,0
Cheikhou Kouyaté,32,Midfielder,Crystal Palace,1897,Senegal,31,0,2,11,24,3,0
Chris Löwe,33,Defender,Huddersfield Town,2056,Germany,29,0,2,1,52,2,0
Chris Mepham,24,Defender,AFC Bournemouth,849,Wales,13,0,1,3,16,1,0
Chris Smalling,32,Defender,Manchester United,2128,England,24,1,0,4,34,1,0
Chris Wood,30,Forward,Burnley,2582,New Zealand,38,10,2,8,43,2,0
Christian Atsu Twasam,30,Midfielder,Newcastle United,1487,Ghana,28,1,0,8,16,2,0
Christian Benteke,31,Forward,Crystal Palace,813,Belgium,16,1,1,5,10,1,0
Christian Eriksen,30,Midfielder,Tottenham Hotspur,2772,Denmark,35,8,12,10,34,3,0
Christian Fuchs,36,Defender,Leicester City,206,Austria,3,0,0,0,4,0,0
Christian Kabasele,31,Defender,Watford,1587,Belgium,21,0,0,4,25,4,1
Christopher Schindler,32,Defender,Huddersfield Town,3262,Germany,37,1,0,5,69,6,1
Ciaran Clark,33,Defender,Newcastle United,857,Republic of Ireland,11,3,0,2,14,1,0
Claudio Andrés Bravo Muñoz,39,Goalkeeper,Manchester City,0,Chile,0,0,0,0,0,0,0
Collin Quaner,31,Forward,Huddersfield Town,37,Germany,2,0,0,0,2,0,0
Connor Wickham,29,Forward,Crystal Palace,61,England,6,0,1,2,0,0,0
Conor Coady,29,Midfielder,Wolverhampton Wanderers,3420,England,38,0,0,9,43,5,0
Conor Coventry,22,Midfielder,West Ham United,0,Republic of Ireland,0,0,0,0,0,0,0
Craig Cathcart,33,Defender,Watford,3099,Northern Ireland,36,3,0,6,52,2,0
Curtis Jones,21,Midfielder,Liverpool,0,England,0,0,0,0,0,0,0
Cyrus Christie,30,Defender,Fulham,1943,Republic of Ireland,28,0,1,5,40,7,0
Dale Stephens,33,Midfielder,Brighton & Hove Albion,2487,England,30,1,1,5,43,7,1
Damián Emiliano Martínez,30,Goalkeeper,Arsenal,0,Argentina,0,0,0,0,0,0,0
Dan Burn,30,Defender,Brighton & Hove Albion,0,England,0,0,0,0,0,0,0
Dan Gosling,32,Midfielder,AFC Bournemouth,1737,England,25,2,1,7,31,8,0
Daniel Amartey,27,Midfielder,Leicester City,640,Ghana,9,0,0,2,9,2,0
Daniel Sturridge,33,Forward,Liverpool,496,England,18,2,1,10,3,1,0
Daniel William John Ings,30,Forward,Southampton,1668,England,24,7,3,6,26,1,0
Daniel Williams,33,Midfielder,Huddersfield Town,93,USA,5,0,0,1,1,1,0
Danilo,31,Defender,Manchester City,806,Brazil,11,1,0,5,7,1,0
Danny Drinkwater,32,Midfielder,Chelsea,0,England,0,0,0,0,0,0,0
Danny Rose,32,Defender,Tottenham Hotspur,1806,England,26,0,3,10,12,5,0
Danny Simpson,35,Defender,Leicester City,291,England,6,0,0,3,4,0,0
Danny Ward,29,Goalkeeper,Leicester City,0,Wales,0,0,0,0,0,0,0
Danny Ward,31,Forward,Cardiff City,440,England,14,1,0,2,11,0,0
Danny Welbeck,31,Forward,Arsenal,147,England,8,1,1,2,2,0,0
Daryl Janmaat,33,Defender,Watford,1521,Netherlands,18,0,2,3,22,3,0
David Brooks,25,Forward,AFC Bournemouth,2278,England,30,7,5,9,39,3,0
David Button,33,Goalkeeper,Brighton & Hove Albion,360,England,4,0,0,1,5,0,0
David de Gea,31,Goalkeeper,Manchester United,3420,Spain,38,0,0,7,51,1,0
David Junior Hoilett,32,Forward,Cardiff City,2142,Canada,32,3,1,9,42,4,0
David Luiz,35,Defender,Chelsea,3239,Brazil,36,3,2,16,35,3,0
David Silva,36,Midfielder,Manchester City,2411,Spain,33,6,8,17,14,3,0
Davide Zappacosta,30,Defender,Chelsea,125,Italy,4,0,0,3,0,0,0
Davinson Sánchez Mina,26,Defender,Tottenham Hotspur,1943,Colombia,23,1,1,6,21,2,0
Davy Pröpper,31,Midfielder,Brighton & Hove Albion,2551,Netherlands,30,1,1,5,44,2,0
DeAndre Yedlin,29,Defender,Newcastle United,2475,USA,29,1,2,6,37,7,1
Declan Rice,23,Midfielder,West Ham United,3005,Republic of Ireland,34,2,0,6,42,4,0
Dejan Lovren,33,Defender,Liverpool,985,Croatia,13,1,0,6,7,1,0
Dele Alli,26,Midfielder,Tottenham Hotspur,1827,England,25,5,3,7,17,4,0
Demarai Gray,26,Midfielder,Leicester City,1992,England,34,4,1,8,26,2,0
Demeaco Duhaney,24,Defender,Huddersfield Town,46,England,1,0,0,1,0,0,0
Denis Odoi,34,Defender,Fulham,2593,Belgium,31,0,1,5,59,4,0
Denis Suárez,28,Midfielder,Arsenal,67,Spain,4,0,0,1,0,0,0
Diego Rico,29,Defender,AFC Bournemouth,607,Spain,12,0,0,0,18,1,0
Diogo José Teixeira da Silva,25,Midfielder,Wolverhampton Wanderers,2371,Portugal,33,9,5,9,29,11,0
Divock Origi,27,Forward,Liverpool,366,Belgium,12,3,1,7,2,0,0
Domingos Quina,22,Midfielder,Watford,335,Portugal,8,1,0,1,5,0,0
Dominic Calvert-Lewin,25,Forward,Everton,1774,England,35,6,2,13,24,3,0
Dominic Solanke,25,Forward,AFC Bournemouth,341,England,10,0,1,2,4,0,0
Dwight McNeil,22,Forward,Burnley,1599,England,21,3,5,4,22,2,0
Eden Hazard,31,Midfielder,Chelsea,2926,Belgium,37,16,15,15,34,2,0
Ederson,29,Goalkeeper,Manchester City,3420,Brazil,38,0,1,20,23,2,0
Edward Nketiah,23,Forward,Arsenal,62,England,5,1,0,1,2,0,0
Elias Kachunga,30,Forward,Huddersfield Town,1181,Congo DR,20,0,0,2,28,2,0
Emerson Hyndman,26,Midfielder,AFC Bournemouth,37,USA,1,0,0,0,2,0,0
Emerson Palmieri dos Santos,28,Defender,Chelsea,660,Italy,10,0,0,3,10,0,0
Emile Smith Rowe,22,Midfielder,Arsenal,0,England,0,0,0,0,0,0,0
Eric Bertrand Bailly,28,Defender,Manchester United,637,Ivory Coast,12,0,0,3,12,1,1
Eric Dier,28,Midfielder,Tottenham Hotspur,1510,England,20,3,0,6,16,4,0
Erik Durm,30,Defender,Huddersfield Town,2052,Germany,28,0,1,3,43,0,0
Erik Lamela,30,Midfielder,Tottenham Hotspur,971,Argentina,19,4,2,5,11,2,0
Ethan Ampadu,22,Midfielder,Chelsea,0,Wales,0,0,0,0,0,0,0
Etienne Capoue,34,Midfielder,Watford,2947,France,33,1,3,7,47,15,1
Fabián Cornelio Balbuena González,31,Defender,West Ham United,2014,Paraguay,23,1,0,5,27,2,0
Fabian Delph,32,Midfielder,Manchester City,725,England,11,0,1,4,9,2,1
Fabian Schär,30,Defender,Newcastle United,2002,Switzerland,24,4,1,8,21,12,0
Fabinho,29,Midfielder,Liverpool,2013,Brazil,28,1,2,15,13,6,0
Fabricio Martín Agosto Ramírez,34,Goalkeeper,Fulham,180,Spain,2,0,0,0,5,0,0
Faustino Marcos Alberto Rojo,32,Defender,Manchester United,211,Argentina,5,0,0,0,4,2,0
Federico Fernández,33,Defender,Newcastle United,1484,Argentina,19,0,1,4,22,2,0
Felipe Anderson Pereira Gomes,29,Midfielder,West Ham United,3054,Brazil,36,9,4,6,43,3,0
Fernando Llorente Torres,37,Forward,Tottenham Hotspur,683,Spain,20,1,4,7,8,2,0
Fernando Luiz Rosa,37,Midfielder,Manchester City,2381,Brazil,29,1,3,16,15,5,0
Florent Hadergjonaj,28,Defender,Huddersfield Town,1840,Switzerland,24,0,0,4,34,1,0
Florian Lejeune,31,Defender,Newcastle United,1055,France,12,0,0,3,12,0,0
Florin Andone,29,Forward,Brighton & Hove Albion,874,Romania,23,3,0,3,13,5,0
Floyd Ayité,33,Midfielder,Fulham,465,Togo,16,1,0,3,13,0,0
Fousseni Diabaté,27,Midfielder,Leicester City,55,Mali,1,0,0,0,1,0,0
Francisco Femenía Far,31,Midfielder,Watford,2045,Spain,29,1,1,5,38,1,0
Fraser Forster,34,Goalkeeper,Southampton,90,England,1,0,0,0,3,0,0
Freddie Woodman,25,Goalkeeper,Newcastle United,0,England,0,0,0,0,0,0,0
Frederico Rodrigues Santos,29,Midfielder,Manchester United,1045,Brazil,17,1,1,0,19,2,0
Gabriel Jesus,25,Forward,Manchester City,1019,Brazil,29,7,3,16,11,1,0
Gaëtan Bong Songo,34,Defender,Brighton & Hove Albion,1805,Cameroon,22,0,0,5,32,0,0
Gary Cahill,36,Defender,Chelsea,22,England,2,0,0,2,0,0,0
Gary Madine,32,Forward,Cardiff City,32,England,5,0,0,0,2,0,0
George Marsh,23,Midfielder,Tottenham Hotspur,0,England,0,0,0,0,0,0,0
Georges-Kevin N'Koudou Mbida,27,Forward,Tottenham Hotspur,4,France,1,0,1,0,0,0,0
Georginio Wijnaldum,31,Midfielder,Liverpool,2735,Netherlands,35,3,0,21,15,3,0
Gerard Deulofeu,28,Forward,Watford,2082,Spain,30,10,5,6,28,3,0
Glenn Murray,39,Forward,Brighton & Hove Albion,2513,England,38,13,1,7,44,5,0
Gonzalo Higuain,34,Forward,Chelsea,1092,Argentina,14,5,0,5,15,0,0
Grady Diangana,24,Midfielder,West Ham United,604,England,17,0,1,2,11,0,0
Granit Xhaka,30,Midfielder,Arsenal,2502,Switzerland,29,4,2,7,35,10,0
Greg Cunningham,31,Defender,Cardiff City,630,Republic of Ireland,7,0,0,1,16,3,0
Gylfi Sigurdsson,33,Midfielder,Everton,3134,Iceland,38,13,6,14,40,3,0
Hamza Choudhury,25,Midfielder,Leicester City,596,England,9,0,0,4,4,0,0
Harry Arter,32,Midfielder,Cardiff City,2008,Republic of Ireland,25,0,1,7,37,10,0
Harry Kane,29,Forward,Tottenham Hotspur,2427,England,28,17,4,10,28,5,0
Harry Maguire,29,Defender,Leicester City,2599,England,31,3,0,7,36,7,1
Harry Winks,26,Midfielder,Tottenham Hotspur,1591,England,26,1,0,10,16,4,0
Harvey Lewis Barnes,24,Midfielder,Leicester City,1007,England,16,1,2,3,16,0,0
Håvard Nordtveit,32,Midfielder,Fulham,361,Norway,5,0,1,1,9,0,0
Hector Bellerin,27,Defender,Arsenal,1535,Spain,19,0,5,4,20,3,0
Hélder Wander Sousa Azevedo Costa,28,Midfielder,Wolverhampton Wanderers,1345,Portugal,25,1,2,5,18,3,0
Henrikh Mkhitaryan,33,Midfielder,Arsenal,1643,Armenia,25,6,4,4,25,1,0
Heung-Min Son,30,Forward,Tottenham Hotspur,2048,South Korea,31,12,6,11,20,3,1
Heurelho da Silva Gomes,41,Goalkeeper,Watford,0,Brazil,0,0,0,0,0,0,0
Hugo Lloris,35,Goalkeeper,Tottenham Hotspur,2970,France,33,0,0,12,30,0,0
Ibrahima Cissé,28,Midfielder,Fulham,87,Belgium,3,0,0,0,3,0,0
Idrissa Gana Gueye,33,Midfielder,Everton,2825,Senegal,33,0,2,13,29,6,0
İlkay Gündoğan,32,Midfielder,Manchester City,2135,Germany,31,6,3,15,15,3,0
Isaac Ajayi Success,26,Forward,Watford,1037,Nigeria,30,1,1,5,20,4,0
Isaac Hayden,27,Midfielder,Newcastle United,1886,England,25,1,4,7,25,4,1
Isaac Mbenza,26,Forward,Huddersfield Town,981,Belgium,22,1,1,4,25,1,0
Issa Diop,25,Defender,West Ham United,2970,France,33,1,0,7,38,4,0
Ivan Ricardo Neves Abreu Cavaleiro,29,Forward,Wolverhampton Wanderers,683,Portugal,23,3,1,5,10,1,0
Jack Cork,33,Midfielder,Burnley,3313,England,37,1,2,8,54,6,0
Jack Simpson,25,Defender,AFC Bournemouth,403,England,6,0,0,2,9,0,0
Jack Stephens,28,Defender,Southampton,1697,England,24,1,0,5,30,4,0
Jack Wilshere,30,Midfielder,West Ham United,389,England,8,0,1,2,8,2,0
Jacob Murphy,27,Midfielder,Newcastle United,300,England,9,0,1,1,7,0,0
Jaïro Riedewald,26,Defender,Crystal Palace,0,Netherlands,0,0,0,0,0,0,0
Jamal Lascelles,28,Defender,Newcastle United,2748,England,32,0,1,11,33,4,0
James Garner,21,Defender,Manchester United,0,England,1,0,0,0,0,0,0
James Maddison,25,Midfielder,Leicester City,2850,England,36,7,7,8,39,5,1
James McArthur,35,Midfielder,Crystal Palace,3071,Scotland,38,3,6,12,44,7,0
James McCarthy,31,Midfielder,Everton,14,Republic of Ireland,1,0,0,1,0,0,0
James Milner,36,Midfielder,Liverpool,1785,England,31,5,4,18,11,7,1
James Tarkowski,29,Defender,Burnley,3087,England,35,3,1,7,52,8,0
James Tomkins,33,Defender,Crystal Palace,2563,England,29,1,1,10,34,6,0
James Ward-Prowse,27,Midfielder,Southampton,1942,England,26,7,0,4,36,4,0
Jamie Sterry,26,Defender,Newcastle United,0,England,0,0,0,0,0,0,0
Jamie Vardy,35,Forward,Leicester City,2735,England,34,18,4,10,33,4,1
Jan Bednarek,26,Defender,Southampton,2151,Poland,25,0,1,3,33,7,0
Jan Vertonghen,35,Defender,Tottenham Hotspur,1915,Belgium,22,1,0,7,21,5,1
Jannik Vestergaard,30,Defender,Southampton,2030,Denmark,23,0,0,4,27,2,0
Jason Puncheon,36,Midfielder,Huddersfield Town,391,England,11,0,0,3,8,1,0
Jason Steele,32,Goalkeeper,Brighton & Hove Albion,0,England,0,0,0,0,0,0,0
Javier Hernandez,34,Forward,West Ham United,1335,Mexico,25,7,1,3,16,2,0
Javier Manquillo Gaitán,28,Defender,Newcastle United,1097,Spain,18,0,3,6,12,2,0
Jayson Molumby,23,Midfielder,Brighton & Hove Albion,0,Republic of Ireland,0,0,0,0,0,0,0
Jazz Richards,31,Defender,Cardiff City,128,Wales,4,0,0,1,4,0,0
Jean Michau00ebl Seri,31,Midfielder,Fulham,2252,Ivory Coast,32,1,2,4,53,6,0
Jeff Hendrick,30,Midfielder,Burnley,2069,Republic of Ireland,32,3,0,6,41,4,0
Jefferson Lerma,28,Midfielder,AFC Bournemouth,2511,Colombia,30,2,0,8,45,12,0
Jeffrey Schlupp,29,Defender,Crystal Palace,1665,Ghana,30,4,1,8,24,1,0
Jermain Defoe,40,Forward,AFC Bournemouth,21,England,4,0,0,2,2,0,0
Jesse Lingard,29,Midfielder,Manchester United,1668,England,27,4,2,6,25,3,0
João Moutinho,36,Midfielder,Wolverhampton Wanderers,3040,Portugal,38,1,8,9,37,4,0
Joe Bennett,32,Defender,Cardiff City,2641,England,30,0,1,9,43,5,0
Joe Bryan,29,Defender,Fulham,2350,England,28,0,1,5,51,5,0
Joe Daniel Tupper,24,Goalkeeper,Crystal Palace,0,England,0,0,0,0,0,0,0
Joe Gomez,25,Defender,Liverpool,1060,England,16,0,0,11,3,2,0
Joe Hart,35,Goalkeeper,Burnley,1710,England,19,0,0,4,34,0,0
Joe Powell,24,Forward,West Ham United,0,England,0,0,0,0,0,0,0
Joe Ralls,29,Midfielder,Cardiff City,1959,England,28,0,0,8,35,5,1
Joel Coleman,27,Goalkeeper,Huddersfield Town,90,England,1,0,0,0,1,0,0
Joel Matip,31,Defender,Liverpool,1532,Cameroon,22,1,0,11,9,3,0
Joel Ward,32,Defender,Crystal Palace,551,England,7,1,0,0,12,1,0
Johann Berg Guðmunds­son,32,Midfielder,Burnley,1748,Iceland,29,3,6,6,31,2,0
John Ruddy,36,Goalkeeper,Wolverhampton Wanderers,90,England,1,0,0,1,0,0,0
John Stones,28,Defender,Manchester City,1762,England,24,0,0,13,15,1,0
Jon Gorenc Stankovič,26,Defender,Huddersfield Town,718,Slovenia,11,1,0,2,19,2,0
Jonas Lössl,33,Goalkeeper,Huddersfield Town,2777,Denmark,31,0,1,5,52,1,0
Jonathan Hogg,33,Midfielder,Huddersfield Town,2377,England,29,0,1,5,42,9,1
Jonathan Walters,39,Forward,Burnley,0,Republic of Ireland,0,0,0,0,0,0,0
Jonjo Shelvey,30,Midfielder,Newcastle United,944,England,16,1,1,5,11,1,0
Jonjoe Kenny,25,Defender,Everton,790,England,10,0,1,2,14,1,0
Jonny,28,Defender,Wolverhampton Wanderers,2780,Spain,33,1,1,8,36,6,0
Jonny Evans,34,Defender,Leicester City,1995,Northern Ireland,24,1,0,8,22,2,0
Jordan Ayew,31,Forward,Crystal Palace,1186,Ghana,20,1,2,6,13,3,0
Jordan Henderson,32,Midfielder,Liverpool,1983,England,32,1,3,19,11,3,1
Jordan Pickford,28,Goalkeeper,Everton,3420,England,38,0,0,14,44,1,0
Jordon Ibe,26,Midfielder,AFC Bournemouth,795,England,19,1,1,4,21,1,0
Jorginho,30,Midfielder,Chelsea,3165,Italy,37,2,0,16,36,8,0
José Diogo Dalot Teixeira,23,Defender,Manchester United,1015,Portugal,16,0,2,2,18,3,0
José Holebas,38,Defender,Watford,2394,Greece,28,3,6,5,38,13,1
Jose Izquierdo,30,Forward,Brighton & Hove Albion,794,Colombia,15,0,1,5,8,1,0
José Luis Sanmartín Mato,32,Forward,Newcastle United,586,Spain,16,2,0,4,12,1,0
Joseph Willock,23,Midfielder,Arsenal,64,England,2,0,0,0,0,0,0
Josh Benson,22,Midfielder,Burnley,0,England,0,0,0,0,0,0,0
Josh Knight,25,Defender,Leicester City,0,England,0,0,0,0,0,0,0
Josh Murphy,27,Forward,Cardiff City,1825,England,29,3,2,7,27,2,0
Joshua King,30,Forward,AFC Bournemouth,2974,Norway,35,12,3,9,54,3,0
Joshua Sims,25,Midfielder,Southampton,209,England,7,0,1,1,5,0,0
Juan Marcos Foyth,24,Defender,Tottenham Hotspur,930,Argentina,12,1,0,4,10,4,1
Juan Mata,34,Midfielder,Manchester United,1294,Spain,22,3,2,4,14,3,0
Julián Speroni,43,Goalkeeper,Crystal Palace,90,Argentina,1,0,0,0,3,0,0
Juninho Bacuna,25,Midfielder,Huddersfield Town,1414,Netherlands,21,1,0,2,36,4,0
Junior Stanislas,32,Midfielder,AFC Bournemouth,1027,England,23,2,3,7,24,1,0
Jürgen Locadia,28,Forward,Brighton & Hove Albion,1227,Netherlands,26,2,0,4,19,1,0
Kadeem Harris,29,Midfielder,Cardiff City,366,England,13,1,0,4,5,1,0
Karl Darlow,32,Goalkeeper,Newcastle United,0,England,0,0,0,0,0,0,0
Karlan Ahearne-Grant,24,Forward,Huddersfield Town,874,England,13,4,0,1,22,0,0
Kasper Schmeichel,35,Goalkeeper,Leicester City,3420,Denmark,38,0,0,10,43,3,0
Kayne Ramsey,22,Midfielder,Southampton,90,England,1,0,0,0,3,0,0
Kazaiah Sterling,23,Forward,Tottenham Hotspur,0,England,0,0,0,0,0,0,0
Kelechi Iheanacho,26,Forward,Leicester City,926,Nigeria,30,1,3,6,11,2,0
Kelland Watts,23,Midfielder,Newcastle United,0,England,0,0,0,0,0,0,0
Ken Sema,29,Midfielder,Watford,755,Sweden,17,1,2,6,8,1,0
Kenneth Dahrup Zohorè,28,Forward,Cardiff City,746,Denmark,19,1,1,5,15,1,0
Kepa Arrizabalaga,28,Goalkeeper,Chelsea,3240,Spain,36,0,0,14,38,2,0
Kevin De Bruyne,31,Midfielder,Manchester City,974,Belgium,19,2,2,12,3,2,0
Kevin Long,32,Defender,Burnley,513,Republic of Ireland,6,0,1,1,7,0,0
Kevin McDonald,33,Midfielder,Fulham,842,Scotland,15,0,0,0,25,6,1
Kieran Dowell,25,Midfielder,Everton,0,England,0,0,0,0,0,0,0
Kieran Trippier,32,Defender,Tottenham Hotspur,2278,England,27,1,3,10,20,2,0
Konstantinos Mavropanos,24,Defender,Arsenal,150,Greece,4,0,0,1,1,1,0
Kortney Hause,27,Defender,Wolverhampton Wanderers,0,England,0,0,0,0,0,0,0
Kurt Zouma,28,Defender,Everton,2610,France,32,2,2,11,37,5,1
Kyle Taylor,23,Midfielder,AFC Bournemouth,0,England,0,0,0,0,0,0,0
Kyle Walker,32,Defender,Manchester City,2777,England,33,1,1,18,17,3,0
Kyle Walker-Peters,25,Defender,Tottenham Hotspur,374,England,6,0,3,3,4,1,0
Laurent Depoitre,33,Forward,Huddersfield Town,1059,Belgium,23,0,1,3,22,1,0
Laurent Koscielny,37,Defender,Arsenal,1328,France,17,3,0,4,21,1,0
Lazar Marković,28,Midfielder,Fulham,44,Serbia,1,0,0,0,0,0,0
Leander Dendoncker,27,Midfielder,Wolverhampton Wanderers,1469,Belgium,19,2,0,4,19,1,0
Leandro Bacuna,31,Midfielder,Cardiff City,554,Curaçao,11,0,0,4,11,2,0
Lee Grant,39,Goalkeeper,Manchester United,0,England,0,0,0,0,0,0,0
Lee Peltier,35,Defender,Cardiff City,1542,England,20,0,0,6,21,4,0
Leighton Baines,37,Defender,Everton,376,England,6,0,0,1,6,0,0
Leon Balogun,34,Defender,Brighton & Hove Albion,591,Nigeria,8,1,0,0,9,2,0
Leonardo Bonatini Lohner Maia,28,Forward,Wolverhampton Wanderers,128,Brazil,7,0,1,3,0,0,0
Leroy Sané,26,Midfielder,Manchester City,1867,Germany,31,10,10,16,14,1,0
Lewis Cass,22,Defender,Newcastle United,0,England,0,0,0,0,0,0,0
Lewis Cook,25,Midfielder,AFC Bournemouth,721,England,13,0,0,3,10,2,0
Lewis Dunk,30,Defender,Brighton & Hove Albion,3153,England,36,2,1,7,53,7,1
Loïc Damour,31,Midfielder,Cardiff City,21,France,2,0,0,0,2,0,0
Loris Karius,29,Goalkeeper,Liverpool,0,Germany,0,0,0,0,0,0,0
Luca de la Torre,24,Midfielder,Fulham,0,USA,0,0,0,0,0,0,0
Lucas Digne,29,Defender,Everton,2990,France,35,4,4,14,36,6,1
Lucas Perez,34,Forward,West Ham United,468,Spain,15,3,0,3,9,0,0
Lucas Rodrigues Moura da Silva,30,Midfielder,Tottenham Hotspur,2127,Brazil,32,10,0,12,16,3,0
Lucas Torreira,26,Midfielder,Arsenal,2377,Uruguay,34,2,2,6,35,8,1
Luciano Vietto,28,Forward,Fulham,983,Argentina,20,1,4,1,21,1,0
Luka Milivojević,31,Midfielder,Crystal Palace,3420,Serbia,38,12,2,12,47,10,0
Luke Amos,25,Midfielder,Tottenham Hotspur,2,England,1,0,0,0,0,0,0
Luke Dreher,23,Midfielder,Crystal Palace,0,England,1,0,0,0,0,0,0
Luke Shaw,27,Defender,Manchester United,2592,England,29,1,4,6,36,11,0
peirre,26,Forward,AFC Bournemouth,345,France,24,1,0,5,13,1,0
,40,Goalkeeper,Everton,0,Netherlands,0,0,0,0,0,0,0
Mamadou Sakho,32,Defender,Crystal Palace,2417,France,27,0,0,9,32,2,0
Manolo Gabbiadini,30,Forward,Southampton,470,Italy,12,1,0,3,11,0,0
Manuel Lanzini,29,Midfielder,West Ham United,688,Argentina,10,1,1,2,11,2,0
Marc Albrighton,32,Midfielder,Leicester City,1626,England,27,2,2,9,17,3,0
Marc Guehi,22,Defender,Chelsea,0,England,0,0,0,0,0,0,0
Marc Navarro Ceciliano,27,Defender,Watford,84,Spain,2,0,0,0,2,0,0
Marc Pugh,35,Midfielder,AFC Bournemouth,0,England,0,0,0,0,0,0,0
Marcos Alonso,31,Defender,Chelsea,2761,Spain,31,2,4,14,28,6,0
Marcus Bettinelli,30,Goalkeeper,Fulham,630,England,7,0,0,0,19,1,0
Marcus Rashford,25,Forward,Manchester United,2362,England,33,10,6,6,34,4,1
Mario Lemina,29,Midfielder,Southampton,1615,Gabon,21,1,1,4,32,5,0
Mark Noble,35,Midfielder,West Ham United,2308,England,31,5,5,7,29,7,1
Mark Travers,23,Goalkeeper,AFC Bournemouth,180,Republic of Ireland,2,0,0,1,5,0,0
Marko Arnautović,33,Forward,West Ham United,2000,Austria,28,10,4,5,31,3,0
Markus Suttner,35,Defender,Brighton & Hove Albion,0,Austria,0,0,0,0,0,0,0
Marouane Fellaini,34,Midfielder,Manchester United,744,Belgium,14,0,1,2,13,1,0
Martin Dúbravka,33,Goalkeeper,Newcastle United,3420,Slovakia,38,0,0,11,44,1,0
Martin Kelly,32,Defender,Crystal Palace,1110,England,13,0,0,3,18,2,0
Martín Montoya,31,Defender,Brighton & Hove Albion,2166,Spain,25,0,1,3,38,4,0
Mason Greenwood,21,Midfielder,Manchester United,115,England,3,0,0,0,2,0,0
Mason Holgate,26,Defender,Everton,407,England,5,0,0,0,9,1,0
Matěj Vydra,30,Forward,Burnley,311,Czech Republic,13,1,1,1,4,1,0
Mateo Kovačić,28,Midfielder,Chelsea,1743,Croatia,32,0,2,12,18,3,0
Mathew Ryan,30,Goalkeeper,Brighton & Hove Albion,3060,Australia,34,0,0,6,52,2,0
Mathias Jattah-Njie Jørgensen,32,Defender,Huddersfield Town,2148,Denmark,24,3,1,3,37,6,0
Matt Butcher,25,Midfielder,AFC Bournemouth,0,England,0,0,0,0,0,0,0
Matt Doherty,30,Defender,Wolverhampton Wanderers,3147,Republic of Ireland,38,4,5,9,38,5,0
Matt Ritchie,33,Midfielder,Newcastle United,2940,Scotland,36,2,8,11,37,9,0
Matt Targett,27,Defender,Southampton,1185,England,16,1,3,1,24,2,0
Matteo Darmian,32,Defender,Manchester United,443,Italy,6,0,0,1,7,0,0
Mattéo Guendouzi Olié,23,Midfielder,Arsenal,2143,France,33,0,0,4,28,9,0
Matthew Connolly,35,Defender,Cardiff City,0,England,0,0,0,0,0,0,0
Matthew Lowton,33,Defender,Burnley,1748,England,21,0,0,4,35,7,0
Matty Daly,21,Midfielder,Huddersfield Town,73,England,2,0,0,0,1,0,0
Max Harrison Sanders,23,Midfielder,Brighton & Hove Albion,0,England,0,0,0,0,0,0,0
Max Kilman,25,Defender,Wolverhampton Wanderers,0,England,1,0,0,1,0,0,0
Max Meyer,27,Midfielder,Crystal Palace,1414,Germany,29,1,2,8,19,3,0
Maxime Le Marchand,33,Defender,Fulham,2251,France,26,0,1,4,50,5,0
Maya Yoshida,34,Defender,Southampton,1520,Japan,17,0,1,3,27,0,0
Mesut Özil,34,Midfielder,Arsenal,1741,Germany,24,5,2,6,23,2,0
Michael Keane,29,Defender,Everton,2970,England,33,1,2,13,37,2,0
Michael Obafemi,22,Forward,Southampton,134,Republic of Ireland,6,1,1,0,2,1,0
Michail Antonio,32,Midfielder,West Ham United,2099,England,33,6,4,5,26,3,0
Michel Vorm,39,Goalkeeper,Tottenham Hotspur,180,Netherlands,2,0,0,0,4,0,0
Michy Batshuayi,29,Forward,Crystal Palace,756,Belgium,11,5,0,3,11,0,0
Miguel Ángel Almirón Rejala,28,Midfielder,Newcastle United,763,Paraguay,10,0,0,3,10,0,0
Miguel Ángel Britos Cabrera,37,Defender,Watford,185,Uruguay,3,0,0,1,5,0,0
Mohamed Diamé,35,Midfielder,Newcastle United,2165,Senegal,29,0,0,9,28,3,0
Mohamed Elneny,30,Midfielder,Arsenal,381,Egypt,8,0,0,2,4,0,0
Mohamed Elyounoussi,28,Midfielder,Southampton,790,Norway,16,0,0,4,8,0,0
Mohamed Salah,30,Forward,Liverpool,3262,Egypt,38,22,8,21,18,1,0
Morgan Gibbs-White,22,Midfielder,Wolverhampton Wanderers,647,England,26,0,1,5,9,1,0
Morgan Schneiderlin,32,Midfielder,Everton,833,France,14,0,1,7,9,2,0
Moussa Dembele,35,Midfielder,Tottenham Hotspur,516,Belgium,10,0,0,3,5,1,0
Moussa Sissoko,33,Midfielder,Tottenham Hotspur,2336,France,29,0,3,11,26,2,0
N'Golo Kanté,31,Midfielder,Chelsea,3096,France,36,4,4,15,37,3,0
Naby Deco Keïta,27,Midfielder,Liverpool,1392,Guinea,25,2,1,15,7,0,0
Nacho Monreal,36,Defender,Arsenal,1861,Spain,22,1,3,6,21,5,0
Nampalys Mendy,30,Midfielder,Leicester City,2088,France,31,0,0,9,26,5,0
Nathan Aké,27,Defender,AFC Bournemouth,3412,Netherlands,38,4,0,10,66,3,0
Nathan Holland,24,Midfielder,West Ham United,0,England,0,0,0,0,0,0,0
Nathan Redmond,28,Midfielder,Southampton,3276,England,38,6,4,7,53,3,0
Nathaniel Chalobah,27,Midfielder,Watford,266,England,9,0,0,1,5,2,0
Nathaniel Clyne,31,Defender,AFC Bournemouth,1254,England,18,0,1,6,24,2,0
Nathaniel Mendez-Laing,30,Midfielder,Cardiff City,984,England,20,4,1,6,15,0,0
Neeskens Kebano,30,Midfielder,Fulham,103,Congo DR,7,0,0,0,1,0,0
Neil Leonard Dula Etheridge,32,Goalkeeper,Cardiff City,3420,Philippines,38,0,0,10,61,2,0
Nemanja Matić,34,Midfielder,Manchester United,2441,Serbia,28,1,0,6,35,8,1
Nicolas Otamendi,34,Defender,Manchester City,1233,Argentina,18,0,0,10,7,1,0
Nikola Tavares,23,Defender,Crystal Palace,0,England,0,0,0,0,0,0,0
Nnamdi Ofoborh,22,Midfielder,AFC Bournemouth,0,England,0,0,0,0,0,0,0
Oleksandr Zinchenko,25,Midfielder,Manchester City,1153,Ukraine,14,0,3,10,4,1,0
Oliver Skipp,22,Midfielder,Tottenham Hotspur,216,England,8,0,0,4,0,0,0
Olivier Giroud,36,Forward,Chelsea,832,France,27,2,4,12,4,1,0
Onyinye Wilfred Ndidi,25,Midfielder,Leicester City,3299,Nigeria,38,2,0,10,42,8,0
Oriol Romeu,31,Midfielder,Southampton,2140,Spain,31,1,0,6,32,11,0
Oumar Niasse,32,Forward,Cardiff City,998,Senegal,18,0,0,3,12,0,0
Pablo Zabaleta,37,Defender,West Ham United,2092,Argentina,26,0,1,4,32,4,0
Pape N'Diaye Souaré,32,Defender,Crystal Palace,0,Senegal,1,0,0,1,0,0,0
Pascal Groß,31,Midfielder,Brighton & Hove Albion,1878,Germany,25,3,3,3,31,1,0
Patrick van Aanholt,32,Defender,Crystal Palace,3198,Netherlands,36,3,2,12,41,3,0
Paul Dummett,31,Defender,Newcastle United,1986,Wales,26,0,0,9,27,1,0
Paul Pogba,29,Midfielder,Manchester United,3011,France,35,13,9,7,41,6,0
Paulo Dino Gazzaniga,30,Goalkeeper,Tottenham Hotspur,270,Argentina,3,0,0,1,1,0,0
Pedro Obiang,30,Midfielder,West Ham United,1121,Equatorial Guinea,24,0,1,7,17,0,0
Pedro Rodriguez,35,Midfielder,Chelsea,1780,Spain,31,8,2,11,18,2,0
Peter Crouch,41,Forward,Burnley,86,England,6,0,0,0,0,1,0
Petr Čech,40,Goalkeeper,Arsenal,585,Czech Republic,7,0,0,2,8,0,0
Phil Bardsley,37,Defender,Burnley,1672,Scotland,19,0,0,4,22,9,0
Phil Jagielka,40,Defender,Everton,329,England,7,1,0,5,2,1,1
Phil Jones,30,Defender,Manchester United,1263,England,18,0,1,4,16,1,0
Philip Billing,26,Midfielder,Huddersfield Town,2192,Denmark,27,2,0,5,41,7,0
Philip Foden,22,Midfielder,Manchester City,327,England,13,1,0,8,0,0,0
Philippe Sandler,25,Defender,Manchester City,0,Netherlands,0,0,0,0,0,0,0
 Aubameyang,33,Forward,Arsenal,2731,Gabon,36,22,5,8,40,0,0
Pierre-Emile Højbjerg,27,Midfielder,Southampton,2764,Denmark,31,4,3,4,52,10,2
Rachid Ghezzal,30,Forward,Leicester City,738,Algeria,19,1,0,3,12,3,0
Rafael Euclides Soares Camacho,22,Midfielder,Liverpool,0,Portugal,1,0,0,0,0,0,0
Raheem Sterling,27,Forward,Manchester City,2777,England,34,17,10,18,19,3,0
Rajiv van La Parra,31,Midfielder,Huddersfield Town,407,Netherlands,5,0,0,1,6,0,0
Ramadan Sobhi,25,Forward,Huddersfield Town,75,Egypt,4,0,0,0,1,0,0
Raúl Alonso Jiménez Rodríguez,31,Forward,Wolverhampton Wanderers,3124,Mexico,38,13,7,9,39,4,0
Rhys Healey,27,Forward,Cardiff City,49,England,3,0,0,1,1,0,0
Ricardo Domingos Barbosa Pereira,29,Defender,Leicester City,3125,Portugal,35,2,6,10,40,7,0
Richarlison de Andrade,25,Forward,Everton,2679,Brazil,35,13,1,14,32,6,1
Riyad Mahrez,31,Midfielder,Manchester City,1339,Algeria,27,7,4,13,9,0,0
Rob Holding,27,Defender,Arsenal,807,England,10,0,0,2,10,1,0
Robbie Brady,30,Midfielder,Burnley,715,Republic of Ireland,16,0,1,2,12,4,1
Robert Kenedy Nunes do Nascimento,26,Midfielder,Newcastle United,1344,Brazil,25,1,1,8,17,1,0
Robert Snodgrass,35,Midfielder,West Ham United,2222,Scotland,33,2,5,6,31,10,0
Roberto Firmino,31,Forward,Liverpool,2620,Brazil,34,12,6,18,13,0,0
Roberto Maximiliano Pereyra,31,Forward,Watford,2825,Argentina,33,6,1,5,52,3,0
Romain Saïss,32,Midfielder,Wolverhampton Wanderers,1144,Morocco,19,2,0,4,16,7,0
Romelu Lukaku,29,Forward,Manchester United,2130,Belgium,32,12,0,7,36,4,0
Rondon,33,Forward,Newcastle United,2609,Venezuela,32,11,7,10,29,1,0
Ross Barkley,28,Midfielder,Chelsea,1241,England,27,3,5,11,13,1,0
Rúben Diogo Da Silva Neves,25,Midfielder,Wolverhampton Wanderers,3009,Portugal,35,4,3,8,40,8,0
Rúben Gonçalo Silva Nascimento Vinagre,23,Defender,Wolverhampton Wanderers,703,Portugal,17,0,0,5,9,1,0
Ruben Loftus-Cheek,26,Midfielder,Chelsea,983,England,24,6,2,12,8,0,0
Rui Pedro dos Santos Patrício,34,Goalkeeper,Wolverhampton Wanderers,3330,Portugal,37,0,0,8,43,0,0
Ryan Bennett,32,Defender,Wolverhampton Wanderers,3060,England,34,1,0,9,36,12,0
Ryan Bertrand,33,Defender,Southampton,2160,England,24,1,0,6,36,8,0
Ryan Fraser,28,Midfielder,AFC Bournemouth,3173,Scotland,38,7,14,10,61,2,0
Ryan Fredericks,30,Midfielder,West Ham United,1085,England,15,1,0,3,13,5,0
Ryan Giles,22,Midfielder,Wolverhampton Wanderers,0,England,0,0,0,0,0,0,0
Ryan Guno Babel,35,Forward,Fulham,1260,Netherlands,16,5,3,3,24,3,0
Ryan Schofield,22,Goalkeeper,Huddersfield Town,0,England,0,0,0,0,0,0,0
Ryan Sessegnon,22,Defender,Fulham,2298,England,35,2,6,4,58,0,0
Sadio Mané,30,Forward,Liverpool,3086,Senegal,36,22,1,20,18,2,0
Sam Gallagher,27,Forward,Southampton,30,England,4,0,0,1,0,0,0
Sam Surridge,24,Forward,AFC Bournemouth,11,England,2,0,0,0,0,0,0
Sam Vokes,33,Forward,Burnley,913,Wales,20,3,0,4,18,0,0
Sam Woods,24,Defender,Crystal Palace,0,England,0,0,0,0,0,0,0
Samir Nasri,35,Midfielder,West Ham United,246,France,5,0,2,1,2,0,0
Sandro Ramirez,27,Forward,Everton,0,Spain,0,0,0,0,0,0,0
Scott Dann,35,Defender,Crystal Palace,660,England,10,0,1,3,7,1,0
Scott McTominay,25,Midfielder,Manchester United,861,England,16,2,0,3,17,1,0
Sead Kolašinac,29,Defender,Arsenal,1891,Bosnia and Herzegovina,24,0,5,5,26,5,0
Séamus Coleman,34,Defender,Everton,2560,Republic of Ireland,29,2,2,13,29,1,0
Sean Longstaff,25,Midfielder,Newcastle United,688,England,9,1,0,3,8,2,0
Sean Morrison,31,Defender,Cardiff City,3040,England,34,1,3,9,57,6,0
Sebastian Prödl,35,Defender,Watford,13,Austria,1,0,0,1,0,0,0
Serge Aurier,29,Defender,Tottenham Hotspur,564,Ivory Coast,8,0,2,3,9,1,0
Sergio Aguero,34,Forward,Manchester City,2480,Argentina,33,21,8,19,15,3,0
Sergio Germán Romero,35,Goalkeeper,Manchester United,0,Argentina,0,0,0,0,0,0,0
Sergio Rico,29,Goalkeeper,Fulham,2610,Spain,29,0,0,5,53,1,0
Shane Duffy,30,Defender,Brighton & Hove Albion,3088,Republic of Ireland,35,5,1,7,51,5,1
Shane Long,35,Forward,Southampton,1269,Republic of Ireland,26,5,1,5,20,3,0
Shinji Okazaki,36,Forward,Leicester City,269,Japan,21,0,1,2,1,0,0
Shkodran Mustafi,30,Defender,Arsenal,2617,Germany,31,2,0,6,36,9,0
Simon Francis,37,Defender,AFC Bournemouth,1226,England,17,0,2,5,23,1,0
Simon Mignolet,34,Goalkeeper,Liverpool,0,Belgium,0,0,0,0,0,0,0
Sokratis Papastathopoulos,34,Defender,Arsenal,2199,Greece,25,1,2,6,31,12,0
Solomon March,28,Midfielder,Brighton & Hove Albion,2473,England,35,1,5,6,39,1,0
Souleymane Bamba,37,Defender,Cardiff City,2475,Ivory Coast,28,4,1,7,46,7,0
Stefan Marius Johansen,31,Midfielder,Fulham,412,Norway,12,0,0,0,11,4,0
Stefano Okaka,33,Forward,Watford,22,Italy,2,0,0,0,1,1,0
Stephan Lichtsteiner,38,Defender,Arsenal,940,Switzerland,14,0,0,2,18,3,0
Stephen Ward,37,Defender,Burnley,230,Republic of Ireland,3,0,0,1,6,1,0
Steve Cook,31,Defender,AFC Bournemouth,2787,England,31,1,1,9,53,3,0
Steve Mounié,28,Forward,Huddersfield Town,1777,Benin,31,2,3,5,34,2,1
Steven Davis,37,Midfielder,Southampton,96,Northern Ireland,3,0,1,0,3,0,0
Steven Defour,34,Midfielder,Burnley,452,Belgium,6,0,0,1,12,0,0
Stuart Armstrong,30,Midfielder,Southampton,1432,Scotland,29,3,2,4,23,2,0
Sullay Kaikai,27,Midfielder,Crystal Palace,0,England,0,0,0,0,0,0,0
Sung-Yeung Ki,33,Midfielder,Newcastle United,1302,South Korea,18,0,1,5,18,2,0
Tahith Chong,22,Forward,Manchester United,36,Netherlands,2,0,0,0,1,0,0
Terence Kongolo,28,Defender,Huddersfield Town,2722,Netherlands,32,1,1,4,62,4,0
Theo Walcott,33,Forward,Everton,2122,England,37,5,2,13,33,1,0
Tim Ream,35,Defender,Fulham,2051,USA,26,0,0,5,47,1,0
Timothy Eyoma,22,Defender,Tottenham Hotspur,0,England,0,0,0,0,0,0,0
Timothy Fosu-Mensah,24,Defender,Fulham,795,Netherlands,12,0,0,1,18,3,0
Toby Alderweireld,33,Defender,Tottenham Hotspur,2924,Belgium,34,0,0,12,28,3,0
Tom Cairney,31,Midfielder,Fulham,2198,Scotland,31,1,1,4,49,0,0
Tom Cleverley,33,Midfielder,Watford,470,England,13,1,0,4,7,2,0
Tom Davies,24,Midfielder,Everton,975,England,16,0,0,5,18,3,0
Tom Heaton,36,Goalkeeper,Burnley,1710,England,19,0,0,4,23,3,0
Tom Smith,30,Defender,Huddersfield Town,1141,England,15,0,0,1,34,3,1
Trent Alexander-Arnold,24,Defender,Liverpool,2467,England,29,1,12,16,14,3,0
Troy Deeney,34,Forward,Watford,2548,England,32,9,5,5,43,5,1
Tyias Browning,28,Defender,Everton,0,England,0,0,0,0,0,0,0
Tyreke Johnson,24,Defender,Southampton,0,England,1,0,0,0,0,0,0
Tyrone Mings,29,Defender,AFC Bournemouth,141,England,5,0,0,0,4,0,0
Vicente Guaita,35,Goalkeeper,Crystal Palace,1755,Spain,20,0,0,7,21,2,0
Vicente Iborra De La Fuente,34,Midfielder,Leicester City,226,Spain,8,0,0,3,4,0,0
Víctor Camarasa,28,Midfielder,Cardiff City,2579,Spain,32,5,4,8,48,6,0
Victor Moses,31,Midfielder,Chelsea,26,Nigeria,2,0,0,1,1,0,0
Victor Nilsson Lindelöf,28,Defender,Manchester United,2602,Sweden,30,1,1,6,38,1,0
Victor Wanyama,31,Midfielder,Tottenham Hotspur,509,Kenya,13,1,0,6,3,2,0
Viktor Gyökeres,24,Forward,Brighton & Hove Albion,0,Sweden,0,0,0,0,0,0,0
Vincent Janssen,28,Forward,Tottenham Hotspur,36,Netherlands,3,0,0,1,0,0,0
Vincent Kompany,36,Defender,Manchester City,1223,Belgium,17,1,0,7,7,6,0
Virgil van Dijk,31,Defender,Liverpool,3385,Netherlands,38,4,2,21,19,1,0
Wayne Hennessey,35,Goalkeeper,Crystal Palace,1575,Wales,18,0,0,5,23,0,0
Wes Morgan,38,Defender,Leicester City,1926,Jamaica,22,3,0,6,24,5,2
Wesley Hoedt,28,Defender,Southampton,1170,Netherlands,13,0,0,4,20,2,0
Wilfredo Daniel Caballero,41,Goalkeeper,Chelsea,180,Argentina,2,0,0,2,0,0,0
Wilfried Zaha,29,Midfielder,Crystal Palace,3041,Ivory Coast,34,10,5,10,45,10,1
Will Hughes,27,Midfielder,Watford,2436,England,32,2,4,5,39,5,0
Will Norris,29,Goalkeeper,Wolverhampton Wanderers,0,England,1,0,0,1,0,0,0
Willian,34,Forward,Chelsea,2108,Brazil,32,3,6,13,23,2,0
Willy Boly,31,Defender,Wolverhampton Wanderers,3169,France,36,4,0,8,38,3,1
Xherdan Shaqiri,31,Midfielder,Liverpool,1058,Switzerland,24,6,3,12,5,2,0
Yann Valery,23,Defender,Southampton,1715,France,23,2,1,3,26,5,1
Yerry Fernando Mina González,28,Defender,Everton,890,Colombia,13,1,0,4,12,3,0
Yoshinori Muto,30,Forward,Newcastle United,516,Japan,17,1,0,5,10,1,0
Youri Tielemans,25,Midfielder,Leicester City,1092,Belgium,13,3,4,3,13,2,0
Yves Bissouma,26,Midfielder,Brighton & Hove Albion,1769,Mali,28,0,0,5,30,5,0
Zechariah Medley,22,Defender,Arsenal,0,England,0,0,0,0,0,0,0
Zeze Steven Sessegnon,22,Defender,Fulham,0,England,0,0,0,0,0,0,0
Łukasz Fabiański,37,Goalkeeper,West Ham United,3420,Poland,38,0,0,7,48,0,0
